...1..........2...67..45.........3..........2...35..899..........6.......54...82.	2	UNIT	33	1	27	2	23	1	23	1	32	1	26	4	22	4	22	1	25	2	24	1
.47...........9.....2...41.........8..6.7.2..9.........24...9.....8...........37.	2	UNIT	36	1	33	8	16	1	22	1	17	1	18	1	23	3	22	1	23	3	20	1
.3...8..995.......8.............3..63.......52..6.............3.......175..7...4.	2	UNIT	37	3	20	1	26	2	22	2	30	2	29	1	24	1	24	1	29	1	24	1
...........1...8..4.......6.62...73.7.......98.......1..9...1..2.......4.8.....7.	2	UNIT	38	1	23	3	18	1	18	1	22	1	27	1	30	2	25	3	22	1	26	1
7..4.2..89.......2..8...3....9...6.............7...2....4...5..3.......46..3.1..9	2	LOCATION	33	1	24	1	18	1	23	1	21	1	20	1	20	1	22	1	28	1	24	1
7..4.2..89.......2..8...3....9...6.............7...2....4...5..3.......46..3.1..9	2	ALL	37	1	23	1	21	1	23	2	25	2	18	1	22	2	21	1	18	1	22	1
1.......9..6...5.....4.3.....15.49....93.27....3...6..4.......2..................	2	LOCATION	43	2	24	1	18	1	19	2	25	1	23	1	19	1	21	2	22	1	21	2
.....2.....7.............32.7.2...1.5..7..29.......6.....3..8...3..........6.4...	2	LOCATION	40	6	26	1	24	2	25	1	20	1	24	2	26	1	24	1	27	3	27	2
....768..4.9.1.6...........2......761..2.9.4...........134......8.6..1.9.........	2	UNIT	76	3	14	1	20	1	13	2	16	4	13	5	12	1	9	1	15	8	14	4
.2.....9..6..2..7.....1.......5.3.......8.......4.6.......4.....1..3..4..7.....3.	2	UNIT	34	3	31	5	28	1	26	1	31	1	26	1	28	1	27	1	28	1	30	1
.9.1...2.......49........3..3.....4.1.......8.4.....5..2........86.......1...5.6.	2	ALL	35	1	25	1	22	4	22	1	25	1	22	1	22	1	24	1	26	1	25	1
...................1.4.5.8.8..5.2..1.........4263.1895...1.4.....................	2	UNIT	33	1	30	1	29	1	30	1	30	1	31	1	32	2	31	1	33	1	33	3
..1.4.7...........4.......9...................1.3.9.5.1..4.3..53.......68.......7	2	UNIT	41	8	26	1	27	1	29	2	27	1	29	2	26	1	28	1	28	1	29	2
.........2.9.3.6.5...........6...5.....891.....8...1...........8.1.5.4.7.........	2	ALL	36	4	29	1	27	2	29	1	25	1	27	2	27	2	29	3	28	1	26	1
12........3.......46.............26.....138..2...4....94............27......7....	2	LOCATION	80	1	83	2	22	2	22	2	65	1	30	1	45	2	76	4	21	1	24	3
..43.6.9...94........8.9.....8.....................3.....1.2........41...5.6.79..	2	LOCATION	36	2	25	1	27	2	28	1	22	1	27	2	24	1	23	1	26	3	32	1
.72.6.34............41.95...............7...............39.18............87.4.91.	2	UNIT	49	2	26	4	22	1	23	2	27	1	17	1	22	2	22	2	21	3	26	3
....3.................................1...9.............7...6..9..1.6..85264.7319	2	ALL	34	1	31	1	32	1	32	2	32	1	30	3	30	1	31	3	40	6	29	3
.76...35.35....1.2..9.....6......521........................2..5..9..6..218.....3	0	UNIT	90	0	164	0	6	0	2	0	80	0	6	0	46	0	2	0	194	0	2	0
.76...35.35....1.2..9.....6......521........................2..5..9..6..218.....3	0	ALL	80	0	2	0	92	0	68	0	98	0	10	0	64	0	6	0	62	0	10	0
6.......4..........7..1..3...3...1....9.6.8..84.....793.......8..........6.....5.	2	ALL	344	1	22	1	27	2	18	1	21	4	23	1	23	4	25	2	25	1	21	1
....9......6...4...........4.......6...........21.69..9..327..1...4.5......9.8...	2	ALL	38	1	30	1	29	4	28	1	28	1	29	1	24	1	30	1	25	1	26	1
27..3.....1....36....6..........7.8...........3.4..........1....61....2.....5..14	2	UNIT	43	3	26	1	18	1	21	1	23	1	26	1	18	1	21	2	25	1	25	1
....52.......9..25..8.4..6....8.....3.....9..........2..1....84....13..9..52.9...	0	ALL	74	0	8	0	2	0	2	0	50	0	2	0	66	0	2	0	2	0	6	0
....7.9.3....2......6...5...1......5..3...1..5......3...4...8......5....6.9.8....	2	LOCATION	40	3	23	1	21	1	26	1	19	3	21	1	22	1	17	1	20	1	22	2
61....2.......7..5.4...8.3.......4.............1.......3.9...5.8..5.......4....18	2	LOCATION	52	1	16	1	20	1	24	1	18	3	19	1	28	1	22	1	20	1	17	2
5.......3..2...7.....8.7....24...19...........96...27....1.2.....8...4..2.......5	0	LOCATION	66	0	12	0	18	0	64	0	38	0	14	0	42	0	42	0	40	0	50	0
5.......3..2...7.....8.7....24...19...........96...27....1.2.....8...4..2.......5	0	ALL	138	0	118	0	328	0	2	0	192	0	132	0	114	0	158	0	6	0	144	0
..3...9..9..1.2..4..1...2............8.....3............7...5..4..2.5..7..9...1..	2	UNIT	38	16	23	1	23	1	22	1	25	2	23	1	23	1	25	2	21	1	21	1
.9..1.....5..8.....3......................6..2..6....5..1....239...3.7...6....1..	2	UNIT	34	1	22	1	22	1	27	1	25	1	24	1	26	1	24	4	22	1	26	1
.1.....2..........6..3.7..88.......4....2....5.......77..4.3..6..........6.....1.	0	LOCATION	317	0	374	0	370	0	413	0	1206	0	1020	0	394	0	834	0	943	0	506	0
.1.....2..........6..3.7..88.......4....2....5.......77..4.3..6..........6.....1.	0	UNIT	210	0	18	0	20	0	240	0	80	0	72	0	144	0	16	0	6	0	102	0
...4............387......52......1...64.......913.....9............82.......176..	2	UNIT	37	1	18	1	17	2	18	2	13	1	21	1	17	2	20	7	17	1	163	3
.48...73...........5.....1....9.4............5.......6..5...6...64...59..2.....8.	2	LOCATION	36	1	23	1	23	3	24	2	23	1	21	1	25	2	26	1	25	2	22	1
4...2...3.1.....6...2...9.....6.8...............3.7.....5...1...8.....7.2...7...9	2	ALL	41	2	19	4	23	1	19	1	25	1	22	1	21	1	20	1	20	1	23	2
..2...9..9...2...4....8...6.......9.6.......3.5.......2...4....1...7...8..4...3..	2	ALL	44	1	21	2	23	6	27	6	37	1	23	3	26	2	24	1	22	2	25	2
...2.4............1...9...8..........2.9.5.3.....6..............93...57..72...14.	2	UNIT	114	1	16	1	18	1	19	2	19	1	16	1	20	1	20	2	21	1	22	1
........94........8..6.........4.31...........6........2.....7635....19...6.....8	2	UNIT	63	2	24	1	218	1	20	1	20	1	19	1	24	2	23	1	22	1	20	3
...1.3....7.4.6.1....852.................................235....2.9.1.4....6.7...	2	UNIT	40	10	25	4	29	5	26	2	28	1	30	4	31	2	28	4	25	1	26	1
.9.4.5.2..7.....8..8.....6..1.....9.9.4...2.33.2...5.4...........................	0	ALL	52	0	2	0	10	0	2	0	2	0	2	0	28	0	42	0	38	0	2	0
.3.1...4.17..6..............2..9.4.....23..6..........3...7..9..5....78..........	2	UNIT	38	2	27	1	23	2	23	1	21	1	24	1	27	1	25	2	24	2	24	2
.................9..1..6...5.4.....8.8.3..21....7..............41.......7.21....6	2	ALL	34	1	25	2	18	1	22	1	19	1	23	3	25	2	27	1	23	1	28	1
.8.....3...4...8...3..7..6..9.....2..239.458....................1.....7..........	2	UNIT	33	1	24	1	28	3	28	1	30	1	28	1	28	2	29	1	27	1	24	2
5.......4....7....2.......36.7...8.2.........3.2...5.18.......7....3....1.......6	2	UNIT	48	1	21	2	21	1	20	1	24	1	22	1	26	1	28	2	24	1	23	1
.7..2....9....46..3.5......2.8....39...6.2..........8......1.......3....8........	2	LOCATION	35	1	22	1	23	1	20	3	16	1	21	1	17	1	20	1	21	2	21	1
...3............3..3.68...2.54....91....9.....9.4.3...............9..2......5....	2	LOCATION	33	1	27	3	26	1	24	1	28	2	27	1	27	1	28	1	28	1	24	1
..4....7..5...24....8.......7...8...9...3...4.....7.......9...5..91...4.........1	2	UNIT	33	2	21	1	18	1	22	1	20	1	24	1	19	1	24	1	21	3	20	1
.....7.....98..4..3.......8..8....3.62..1.........4....9....7....7.......36......	2	UNIT	34	1	25	1	23	2	21	1	21	1	23	1	25	1	24	1	24	2	27	3
3.......9...634.......7....1.......8..6...2..2.......6....5.......423...5.......4	2	ALL	33	3	26	1	26	4	25	2	26	1	26	2	26	1	25	1	22	1	24	1
..9....1.......2..4........8..95..........5..2..7..6.....5..8......2..3..1..9....	2	UNIT	38	1	19	1	26	1	22	1	17	3	16	2	20	1	22	1	18	1	21	1
3.6.8.....8.32........1.........2......1.3......8.........5........48.7.....3.8.2	2	ALL	33	1	29	1	27	1	28	1	30	3	27	2	28	1	30	1	30	1	28	2
.96.3.12...........1.6.7.4............82.45....9...4..............398............	2	ALL	34	1	20	1	21	1	23	2	23	1	20	1	20	1	22	1	26	1	22	1
..4.....2...4..5.........14..3..9...1.....4...52...........4..69..1.........58...	2	ALL	33	9	25	2	20	3	24	1	23	1	25	2	28	7	24	3	28	3	26	1
..9...2.....9.3....5..8..7...................6.......83.7...6.1...7.8.....1...9..	2	UNIT	52	2	23	6	21	1	23	1	19	1	19	2	18	1	19	1	19	1	21	1
...................738.954....4.5....9.....8....3.8....879.142...................	2	ALL	46	1	27	1	27	1	26	2	23	1	32	1	25	4	27	1	24	1	25	1
...1......2.38......7.4..........6......6.85......3.9.2........69.....2..5......1	2	LOCATION	45	4	20	2	18	1	20	1	21	3	21	1	20	1	19	2	20	1	21	1
43.....677.16.93.8.............................................6.82.49.391.....86	2	LOCATION	35	1	31	1	22	2	27	1	26	2	22	1	27	1	21	1	21	1	27	1
...2........9..8........736......4..8.....3..579......9........3..7........845...	2	ALL	35	3	23	2	25	3	19	4	18	1	24	1	23	1	26	2	21	1	21	3
......18..4.....9.2..9.....76........9..8.......5..6.....13........6..7.5.....8..	2	LOCATION	100	1	21	1	26	1	26	1	20	6	16	1	19	1	16	1	25	1	25	1
.1.....6..9.....7....9.8......8.4.....5...4.....6.5......7.6....4.....2..3.....1.	2	LOCATION	40	1	24	1	20	1	22	3	20	1	26	1	23	1	23	3	20	1	22	1
..........71...86..........3.8...5.6...6.8...1.4...3.8..........82...97..........	0	ALL	434	0	188	0	116	0	680	0	2	0	176	0	32	0	116	0	530	0	108	0
...........1..7..6..3.5..1............7..2..4.5...9.7............9..1..7.3..4...9	2	LOCATION	34	1	21	1	19	1	23	1	19	1	18	1	26	2	22	4	20	1	21	1
..2.....5.....31.8........9...73....31........261..493..........3................	2	UNIT	33	1	25	1	27	1	28	1	28	1	26	2	29	2	30	2	30	1	25	1
.........7...65....6.....57............1...29.93.7..............87...3......58.9.	2	UNIT	40	1	21	1	31	2	25	1	24	1	24	1	24	3	24	2	25	1	21	1
...2.3......1.8.....4...2...4.....6..3.....9..2.....5...2...3.....6.5......4.9...	2	UNIT	59	3	20	3	79	2	192	1	21	1	25	1	93	1	308	1	82	1	21	1
...2.3......1.8.....4...2...4.....6..3.....9..2.....5...2...3.....6.5......4.9...	2	ALL	134	3	45	2	17	1	34	2	18	2	23	2	21	1	26	1	17	1	75	2
.6.5....7.1..........9......9........73.9.46........3......2..........5.6....4.1.	2	UNIT	37	5	26	1	26	1	26	1	23	1	24	1	22	1	22	1	23	2	21	1
...9.1...8..4.3..2..2...9............2.....8............5...7..4..8.2..1...5.4...	2	ALL	39	1	21	1	21	1	16	1	22	2	21	1	17	1	23	1	24	1	22	2
.........8...25......79.........68...8.3.7.5...49.........14......57...1.........	2	UNIT	35	1	24	1	29	2	27	1	25	1	23	1	28	1	23	2	24	2	26	1
..7.....34......7..1......9..1..2....4.8.......8.9.........5..2....7.9.......9.8.	2	ALL	35	12	27	1	22	1	27	1	24	3	22	1	22	4	28	1	23	2	26	1
9.......63.......7....4....6..5.7..9.........5..9.2..1....1....7.......82.......3	0	UNIT	384	0	12	0	1160	0	6	0	2	0	6	0	2	0	8	0	2	0	2	0
9.......63.......7....4....6..5.7..9.........5..9.2..1....1....7.......82.......3	0	ALL	76	0	2	0	8	0	2	0	2	0	46	0	4	0	188	0	12	0	16	0
..1................4.....9.1.6..72.....2..65....3.1.7............3..5.8......8...	2	ALL	33	1	25	1	28	4	25	2	23	2	28	1	25	4	23	1	24	1	23	2
..6...1....28.96...7..2..9..........8.......2..........6..3..1...46.29....3...4..	2	ALL	128	88	15	1	14	1	18	1	17	2	18	1	16	1	14	1	17	6	26	1
..87.23....65.14.....9.3.................................1.7.....43.58....16.85..	0	UNIT	54	0	42	0	42	0	6	0	18	0	2	0	2	0	50	0	74	0	22	0
1.......35.......26.......57.......4.8.3.1.9....................1.....4.3..5.2..7	2	ALL	48	1	17	1	92	2	98	1	365	5	17	3	22	1	21	2	17	3	90	1
...7.......3.86..5.1.............4....4..5.76....6....6.........92..8..4.......9.	2	UNIT	33	2	24	1	24	1	22	1	26	1	25	1	23	1	26	1	21	1	40	5
.3.7.4...6.....2....5..3.......8....3..5..6.......21.8.........2........78.......	2	UNIT	40	1	22	3	24	3	21	1	26	6	25	2	25	1	23	1	24	1	21	3
..8..9.1.....2.8............7.................8...23.7........3...3.6..539.81....	2	UNIT	46	25	19	2	24	2	20	1	22	1	18	1	23	1	25	1	25	5	19	2
.3.2.7.6..7.1.6.8...........2.....4...6...2....3...8..5..3.8..2..................	2	ALL	33	3	26	1	21	2	24	1	24	1	23	1	19	1	23	2	21	2	18	2
3.......76.......4.5.....8.72.....98....2....98.....76.3.....5.5.......98.......2	0	UNIT	422	0	2	0	92	0	6	0	2	0	2	0	76	0	128	0	2	0	190	0
3.......76.......4.5.....8.72.....98....2....98.....76.3.....5.5.......98.......2	0	ALL	164	0	114	0	28	0	180	0	2	0	98	0	2	0	58	0	100	0	6	0
.3.7......7...........56....5..2........1..6.68...5....15...47..............4.5..	2	UNIT	37	1	23	1	25	6	24	1	21	1	26	2	26	1	20	1	27	2	23	3
.1..9..8..........23..5..49.............1.............32..8..75..........7..2..1.	2	UNIT	33	1	27	5	28	1	25	2	30	2	29	1	29	1	28	1	31	1	29	3
..........5.....6..4.....8.491...826.........875...491.1.....3..8.....1..........	0	ALL	38	0	6	0	42	0	114	0	6	0	42	0	110	0	54	0	110	0	2	0
6...........5.8.3........61...4......3....1.8.41............9..1.7.4........26...	2	UNIT	35	1	16	2	19	2	15	1	21	1	19	2	27	1	17	1	16	3	19	2
...........89..5..1.47..............4....61.....2.14...........5..4....92.....7.3	2	UNIT	39	1	22	1	21	1	19	2	26	4	21	1	20	1	21	1	22	2	22	2
.........54.2..3.73.......5....2..64....4.........3...8.5....79.............8....	2	UNIT	33	8	26	1	29	3	22	1	28	1	25	1	26	1	26	1	26	1	25	1
.2819674.....8........................7...4..95.....12....4.............8.......4	2	LOCATION	33	4	28	1	25	1	24	2	28	1	28	1	26	1	29	1	29	3	24	1
9.....2........9......38..1528........9...5........8622..38......1........3.....4	2	ALL	232	1	19	2	17	1	18	1	21	5	21	1	35	3	18	2	16	1	24	5
..4..................4...2.......36.6...47.9.............1..6.4.2..348..5........	2	ALL	36	1	23	1	29	1	26	2	22	1	25	1	24	1	25	1	22	2	29	2
1...39.2..3...............57..5........9.7........3..44...............1..5.67...2	2	ALL	39	1	21	2	24	4	23	2	19	4	22	4	23	1	23	3	25	1	23	2
..8...7....5...8....2...6.....145...............983.....7...5....4...9....9...1..	2	UNIT	35	2	25	1	31	3	27	2	26	2	23	1	24	2	30	1	26	3	31	1
....9......6.8.....1...4........1.9...5..74..3....8.....7..5....3...9...6........	2	UNIT	33	6	25	2	24	2	23	1	21	1	24	3	27	1	24	1	26	1	21	2
.......6.4...6.2...6..1....5.......9..........3..8...........12.1..2..8........76	2	UNIT	33	6	27	1	31	1	26	2	25	4	27	2	34	8	28	1	28	1	27	5
..7...4.............37.45.....1.5.......2.......6.3.....68.92.............5...7..	2	UNIT	33	1	31	4	28	3	25	1	28	1	26	1	30	1	31	2	25	1	29	1
.......4.93.58.2....64................2...8.......1..4....9........6.7..5.......9	2	ALL	33	2	22	4	23	2	19	1	25	1	24	3	24	1	23	1	23	2	26	1
3.........2..8.7......4..3........5...5.2.6...6........4..1......3.6..2.........1	2	UNIT	37	3	25	1	28	2	30	1	26	1	24	1	26	1	25	2	23	1	26	2
3.......71.......95......21......23...........71......61......39.......47.......2	2	LOCATION	38	1	29	1	25	1	42	2	24	1	25	1	27	2	26	1	51	1	26	1
.5..4....97............61...9.2...8...........6...9.7...24............54....8..1.	2	ALL	37	2	18	2	21	4	19	2	15	2	20	4	19	1	23	1	18	2	18	1
1.......6....2.......9.1..............................248...63173.....49...2.3...	2	UNIT	34	3	28	1	27	1	27	1	31	1	30	2	32	3	38	13	27	1	29	2
47.....58....8....61..2..47...........................12..5..76....3....93.....12	2	UNIT	40	1	20	1	18	1	37	1	20	1	21	4	43	1	23	1	20	1	18	1
.2.........52.9..7.....4....7.4......5...1......5...81.........5.8...........5..3	2	ALL	42	2	27	1	26	1	27	1	26	1	32	2	30	1	25	1	29	1	24	3
5...78..3...2............9...97...54......9...7........26..75..8............5....	2	ALL	44	2	22	1	24	2	23	3	27	2	26	1	22	1	26	2	31	1	24	2
.......5..........87..5.2.4......16..1..6..7..6........5..1.......7.6..........9.	2	UNIT	41	1	28	1	27	1	27	2	25	1	28	2	25	1	25	1	24	1	30	1
...........48.75...........7.......5...3.8...2.......9....6......64.39.....7.9...	2	ALL	37	2	25	2	24	1	26	2	29	2	26	1	23	3	26	1	25	1	27	1
6.......71.......3............861.....9...8...8.....5..........4.2...7.15.......8	2	LOCATION	34	2	24	1	25	2	27	1	25	1	24	1	23	1	27	1	21	1	25	2
463...857.78...64...............................................31...59.527...184	0	LOCATION	156	0	144	0	142	0	120	0	146	0	114	0	100	0	106	0	108	0	150	0
463...857.78...64...............................................31...59.527...184	0	UNIT	152	0	132	0	136	0	148	0	138	0	146	0	98	0	130	0	164	0	146	0
463...857.78...64...............................................31...59.527...184	0	ALL	106	0	52	0	100	0	102	0	98	0	152	0	108	0	68	0	86	0	100	0
...9.2..66.........5....48...5...9.7...4.....82..6....1.8..6.........7.....37..2.	2	UNIT	40	1	19	2	14	2	14	1	12	4	15	1	15	1	13	1	14	1	12	1
....6....6..8.4..5...5.3......1.6.......3.......2.8......7.9...1..6.2..8....8....	2	ALL	33	1	23	1	24	1	26	1	27	1	25	1	25	1	23	1	25	1	24	1
...........8......5..81...774.1.......5...3.......2.184...58..6......9...........	2	LOCATION	36	1	19	2	21	1	31	1	19	2	50	1	21	2	17	1	17	1	22	1
...........8......5..81...774.1.......5...3.......2.184...58..6......9...........	2	ALL	73	1	20	2	21	1	18	2	21	1	127	7	15	1	22	3	20	1	35	1
.....1...7.1.....22.......9........7..58.6.....24.......4...........87.4.....59..	2	UNIT	56	1	21	2	23	2	22	1	18	1	25	1	19	1	22	3	14	2	26	6
....9.....5.....1..3.....2...43265.............54192...7.....6..8.....4.....6....	2	LOCATION	2822	1	26	2	24	2	96	1	67	3	22	1	21	1	23	2	21	1	21	2
.......9.2..6......3...2.5..5..........5..4...8..1...5....7....1.....2....2.5..6.	2	LOCATION	53	1	17	2	15	1	15	2	19	1	15	2	17	1	14	1	14	2	17	1
.........8.......9...........75.24..321...756............4.5......2.8......1.9...	0	LOCATION	4767	0	5307	0	3173	0	2851	0	5757	0	4185	0	3058	0	4493	0	3789	0	4875	0
.........8.......9...........75.24..321...756............4.5......2.8......1.9...	0	ALL	4022	0	22	0	30086	0	13060	0	11766	0	17410	0	3998	0	13636	0	270	0	1390	0
.6...4.5..4...........9..1..5..4...1....1.....1.....8...4.5..2........9..8..3....	2	ALL	37	1	21	2	21	1	29	3	25	2	27	2	26	1	25	1	31	2	27	2
.......9............6.14..2..9...28.......5..4.....1.....2...5.......7......634..	2	ALL	42	1	23	3	32	1	25	3	22	1	24	1	24	1	23	3	20	2	23	1
417.9.526.............5...............2...3....4...6....5...1..8...1...3.........	2	ALL	33	1	28	2	28	2	31	3	28	2	29	2	28	1	31	1	28	1	26	1
78.....21........9.1.........3....9..6.......52.7............5.892.....3.........	2	UNIT	37	1	25	3	26	3	26	1	27	1	29	1	31	2	29	2	28	1	23	2
..........95.2...1...3...5..4...3.....6...1.....8...9..8...6...5...1.48..........	2	ALL	56	1	21	1	24	1	22	2	19	1	25	2	16	1	20	1	25	1	24	3
....6...184....7.....5...6...1....4...........9....5...8...6.....4....172...1....	2	UNIT	63	1	20	1	20	1	23	3	19	1	25	3	19	1	18	1	22	3	21	1
.........5.......8..................632...79495.....268..942..7..................	2	ALL	34	1	31	1	30	2	33	1	32	2	29	1	26	1	29	3	29	1	26	1
..2..35.....8....3...........6.3.9............47.....23....4..5.95.............9.	2	LOCATION	36	2	23	2	23	3	25	2	21	1	23	2	25	2	23	3	26	4	25	2
6.......81.3...4.6..2...9.............8...1.............9...6..2.7...8.95.......4	0	LOCATION	4143	0	6116	0	7144	0	6038	0	7852	0	7629	0	7222	0	7276	0	7016	0	6202	0
6.......81.3...4.6..2...9.............8...1.............9...6..2.7...8.95.......4	0	ALL	486	0	102	0	2278	0	14	0	1712	0	1630	0	954	0	316	0	172	0	340	0
...........5....2...8.....5..4......58.......7.6528.9..32.................1.9....	2	UNIT	35	1	25	1	29	1	29	1	30	2	28	1	25	1	31	1	32	3	29	2
....3........1........6...4...2.8...5.39.61.7...1.3...8...9........8........2....	2	UNIT	33	2	31	1	32	1	32	2	32	4	29	1	29	1	29	2	32	1	32	2
............5.7.......9....9.......317.....45..........6..4..9...8...2...39...51.	2	UNIT	33	1	20	1	19	1	19	1	21	1	20	1	19	1	21	2	20	1	26	1
..9.6..............8.....6......1..3....3.8.5.......4....7...5.9....37.....58....	2	UNIT	46	20	21	1	28	2	25	2	27	1	22	3	20	1	31	2	28	1	26	1
.....3.........7.8...........63..89..83...21..94..53...........3.2.........6.....	2	LOCATION	33	7	27	2	22	1	26	2	31	1	28	1	22	2	21	3	22	2	24	1
.3..87.24..1.......6......7.....9...............1.....1......6.......4..25.36..1.	2	UNIT	33	1	22	1	22	1	20	2	23	1	25	1	21	1	22	1	22	2	19	1
.83...52.2.6...1.8...................6.....4..4.....8..9.....5...5.4.3...........	2	UNIT	1509	1	30	1	25	1	28	1	25	1	29	2	24	1	26	3	30	1	27	1
..................6..8.4..58..7.9..37.......61..6.3..23..2.1..9..................	2	UNIT	33	2	24	1	25	1	25	1	24	2	28	2	28	1	24	1	28	2	27	1
3.......9...........6...2..............682.....87.59..1.9...3.67.......2.........	2	UNIT	45	1	24	1	26	2	27	2	21	2	25	1	28	1	32	1	23	1	31	2
..64.19.....................4.....3..........369752481..........2..3..6..........	2	UNIT	34	5	30	2	28	2	25	1	26	1	30	1	26	3	27	1	29	1	28	1
.........8..4.2..1.........54.....32...5.7...93.....75.........7..3.6..4.........	2	UNIT	34	9	23	1	27	1	26	1	26	2	26	1	28	4	24	1	24	1	25	2
..1...8....9...1..7.......9....................6...7..6.8...4.5.479.268..........	2	ALL	34	3	29	2	37	1	32	3	29	1	27	1	25	4	27	1	23	1	27	1
..................3..1.5..8.4.....3.....2.....5.....6..75...28.4.......9.3.....1.	2	ALL	33	4	25	1	23	1	24	2	23	2	29	1	23	1	27	1	25	1	27	1
..4...2...317.598.9.5...1.6...634................................6...7......5....	2	UNIT	33	1	27	4	25	1	25	1	27	1	25	1	24	1	24	2	24	1	23	1
8.4...........2....3..........2.4.9.4...5...6.8.1.9..........4....4...........9.1	2	UNIT	36	1	27	2	29	1	25	1	30	1	25	1	30	1	25	1	25	1	29	1
........8.2679........1..........98...4...3...98..........8........5241.4........	2	ALL	43	3	25	1	20	5	20	1	23	2	24	1	19	2	20	1	23	2	24	1
.9.5..8.7..27.....8.........6....2......7.9.4........3..........8.........5....79	2	ALL	41	1	28	3	30	3	23	1	25	2	26	2	27	1	22	1	30	1	23	1
..........5...64.1..3.7.6......5.9..2.........3...8...5297...........2...........	2	UNIT	33	2	26	2	21	1	31	1	27	1	27	1	25	1	31	3	26	2	26	1
...3.6......5.4....8.....7....6.9.......5.......4.2....2.....1....1.7......9.5...	2	UNIT	44	1	26	4	26	1	27	1	26	2	25	2	25	2	27	1	27	1	25	1
..7.........78....8.1...3.......7.........92.3..8.9...........345..........2..7.8	2	UNIT	39	1	22	1	22	1	17	1	22	1	17	2	19	1	16	1	22	2	22	4
.2.73.....8.1.........5........1.4......6......8.4........2.........1.4.....89.5.	2	UNIT	33	2	26	1	27	2	29	2	28	1	26	1	27	1	28	2	29	2	30	1
...9.3..2.5.........3...6....1...4.7....2....7....5...8.2..7..........8....5....3	2	UNIT	35	1	22	2	16	1	21	4	20	1	23	1	23	1	19	1	25	2	18	1
..45.1.........5.4.....7........61.29.5..............78.9.....1...6.3.....2......	2	UNIT	33	12	22	3	20	1	22	1	23	1	20	1	24	1	18	1	20	1	24	1
...5.1......9.2..............9...4...73...18....8.4....4.7.5.9..........2.......7	2	ALL	33	1	24	1	26	1	21	1	24	2	27	1	23	1	19	2	23	1	21	2
.4....9......62...1....9....2..3....6..............69.27.......4.....13..5.......	2	UNIT	39	3	26	1	26	1	25	1	24	1	24	2	25	2	26	2	23	2	26	1
..9....5...6.......5.....49...2......61.4....9.7.....57.2.3......3...............	2	LOCATION	33	1	25	3	25	2	21	1	25	1	25	1	25	1	22	2	22	1	25	1
....6......9...7...7.....4...74.65.............3...8.....5.4...7.......2.1.....8.	2	ALL	34	9	21	1	25	1	22	2	22	1	23	1	27	1	21	1	22	1	27	2
.2.578.3............34.92...............................98.54............4.917.6.	2	UNIT	44	1	37	1	26	1	27	1	31	1	30	3	26	1	28	2	25	1	30	1
..674....4....5.........7.......892....4....55........12......9..3...2.....2.....	2	ALL	35	6	27	1	25	3	26	1	25	2	22	1	25	1	28	8	30	1	24	4
...236.....................7.......6...4.5....4.6.9.8..........8.......43.6...9.5	2	UNIT	33	7	21	1	25	2	24	1	25	1	25	1	24	2	27	6	26	1	26	1
4..8.1..2..........2.....8..1.....3.....4.....5.....2..3.....5..........8..6.9..7	2	ALL	38	3	18	1	21	2	25	6	20	1	21	2	26	1	27	1	20	1	23	1
.......3..64.21..9.....6.......98.....8..34.6.9..7.........2...3.................	2	UNIT	33	5	22	2	23	2	24	1	28	2	24	1	24	2	25	1	24	2	19	1
.4........5.....3...3..41......4.....1..8....5....7..4.......9.....2..7...78....1	2	ALL	33	11	23	2	24	1	18	2	26	1	20	2	22	1	22	4	26	2	23	1
.........7....8..4.39.2...............68....2....17.6............4..58...8.....39	2	ALL	34	1	18	3	22	1	15	1	19	1	19	1	16	2	20	1	17	3	22	1
................89..7....1..6......8..2639......1....641..9.....9............8...	2	ALL	34	1	25	1	24	2	25	1	26	1	25	2	23	1	25	1	28	2	30	1
.........7.9...6.55.6...7.4.7.....5...........9.....6.3.8...5.64.7...2.9.........	2	ALL	61	1	24	1	29	2	29	2	24	1	25	1	25	1	23	1	28	1	25	1
..25.76..6..9.1..54.......2...........................9.......63..7.9..1..41.87..	2	ALL	54	1	17	2	18	1	17	1	18	1	20	1	19	2	19	1	25	1	18	2
.6.......3.9......4.........9.58...1.7..1.....8..9..37......7.4...............5..	2	UNIT	33	2	29	1	28	1	22	1	27	2	21	1	22	1	25	6	25	3	22	1
..2...8..3.5...4.9..6.4.3...............................1.5.2..2.7...1.5..8...6..	2	UNIT	33	1	28	2	28	2	28	1	28	4	27	2	28	1	27	2	26	1	26	1
...4.3......718......5.6...9.......3.........8.......5...9.1......684......3.2...	2	UNIT	33	1	32	4	31	1	29	1	24	1	31	5	29	1	27	1	31	1	26	1
.59...83...17.59...8.....7.....2.......5.1.....3...5..............2.4............	2	LOCATION	33	10	27	1	19	2	22	1	23	2	25	1	23	1	25	1	21	1	21	1
...........74298...8.....7....6.5...............9.1....4.....9...93625...........	2	ALL	34	4	25	1	27	1	24	2	26	1	24	1	21	1	24	1	22	1	27	1
..3...6.....5.1.......2....52.....47.........78.....51....8.......1.9.....7...3..	0	ALL	726	0	632	0	86	0	2	0	412	0	2	0	2	0	100	0	710	0	2	0
.3.....1.4...5...3..........6.2.9.8...........2.6.4.9..........7...8...2.8.....5.	2	UNIT	35	1	30	1	21	1	22	2	23	2	24	1	25	1	17	1	23	2	24	1
...7........3...69..5.....1....5.....12...74.....1....6.....8..12...4........6...	2	LOCATION	57	1	21	1	17	2	16	1	19	1	15	2	23	1	21	1	25	2	20	1
.5.....2.31.....47..........7.3.8.6...........3.9.6.7..........98.....52.4.....9.	2	ALL	38	1	25	1	24	2	26	2	21	1	26	2	20	1	30	1	32	1	28	1
...674.....................8.27.93.5.........3.54.26.7.....................953...	2	UNIT	34	1	23	1	23	1	27	1	27	1	29	1	30	1	29	1	27	3	23	1
...........9...5...2.....1..37...69.....1.....98...12..7.....8...3...9...........	2	UNIT	35	2	26	1	30	2	24	1	29	2	24	1	24	1	27	1	26	1	25	1
...7.5.....3...9...5.8.4.6............2...5............9.4.6.8...4...3.....5.1...	0	ALL	58	0	72	0	2	0	2	0	2	0	24	0	132	0	2	0	6	0	34	0
...9.6....13...46....3.8..............9...6..............5.3....84...32....1.2...	0	UNIT	1092	0	1412	0	916	0	14	0	1666	0	704	0	18	0	738	0	6	0	2	0
...7...3.....6...7.7....5...3....2....9....1.5...4....9...1.....5...7......8...9.	2	UNIT	43	2	24	2	24	2	24	1	19	1	20	2	24	3	24	2	25	1	27	1
...........3.2.4....1.7.3...4.....2.3.......9.9.....6...7.6.5....4.3.1...........	0	UNIT	46	0	4	0	12	0	14	0	2	0	2	0	2	0	2	0	18	0	30	0
5.......6.1.....5.82.3.5.49...........................76.2.4.91.4.....6.9.......5	2	UNIT	67	1	22	1	23	2	24	3	21	1	23	2	38	1	26	1	24	1	21	2
5.......6.1.....5.82.3.5.49...........................76.2.4.91.4.....6.9.......5	2	ALL	45	1	25	1	25	1	22	2	24	2	26	1	22	2	30	2	35	1	24	2
..................217..6..4.......9.745...128.9.......3..6..719..................	2	ALL	34	2	29	2	28	2	27	2	28	1	26	2	27	1	24	1	28	4	27	3
89.....2527.....96.3.....8.............................6.....5.32.....6891.....32	0	UNIT	36	0	50	0	64	0	44	0	56	0	36	0	30	0	54	0	40	0	56	0
6.....58.....5.....8.4.....43.9............2.....2.8.....64.3...7.......8......7.	2	UNIT	38	16	18	1	22	1	24	1	22	1	15	1	16	3	24	2	19	2	21	7
5.......21..3.4..8.2.1.5.6.............................5.9.2.7.7..8.6..42.......9	2	UNIT	85	1	23	2	19	1	24	1	24	2	23	1	21	1	22	1	23	1	24	2
.5.....2...8..........4.6..1...5.7.3.........4.7.8...2..6.7..........4...4.....3.	2	ALL	42	1	23	2	22	1	18	2	18	1	20	1	18	1	23	1	20	1	24	3
......6.....5..3...6.....575.1....4.....4..7..7...3..87..............7...4.....2.	2	UNIT	33	9	24	1	21	2	22	1	24	2	21	2	22	1	19	1	27	1	21	2
.........5.......6.6..4..3.39..8..71.........61..9..58.3..5..6.4.......5.........	2	ALL	36	1	25	2	23	1	25	2	22	2	24	2	20	1	25	1	24	1	24	1
....4.......5..1..72..6...........9.2.....4.....82..5..1.......3..7......9....63.	2	ALL	36	1	17	1	24	5	16	2	19	2	15	1	16	1	21	1	29	9	19	1
.........5..4.9..239.....18....8.................2....63.....571..8.2..9.........	2	UNIT	44	2	25	1	19	1	24	2	22	1	22	1	273	1	20	1	21	1	21	1
5.......84.3...5.6............5.4......6.9......3.8............2.9...1.77.......9	2	UNIT	97	1	26	3	26	2	23	1	25	1	26	1	24	1	27	3	49	2	24	1
..29.35..9.......6..74.51...............................15.47..7.......3..63.94..	0	LOCATION	39	0	353	0	359	0	167	0	35	0	61	0	11	0	83	0	109	0	95	0
..29.35..9.......6..74.51...............................15.47..7.......3..63.94..	0	UNIT	800	0	812	0	1288	0	760	0	1482	0	1078	0	1494	0	1008	0	1132	0	908	0
..29.35..9.......6..74.51...............................15.47..7.......3..63.94..	0	ALL	710	0	960	0	392	0	224	0	828	0	606	0	502	0	682	0	458	0	702	0
..5.6...4......1..3......8...8..6.5.2.........9.8......2...9..6...4.........1.8..	2	UNIT	33	1	21	1	22	2	24	2	25	6	20	4	20	1	21	4	20	1	25	6
2.....84..3......5.....4....4..1.9.............9.8..5....1.....5......7..27.....3	2	ALL	36	14	23	1	16	1	21	1	20	1	23	4	16	1	16	1	20	1	21	1
.............................5...9...38.5.76.6..3.7..8...9.1......4.2......7.5...	2	UNIT	33	1	29	4	34	3	43	2	28	1	29	1	31	1	31	2	27	3	34	3
.........8.6...3.4..1...9.....671....4.....7...3...6..7.2...4.1..................	2	UNIT	115	6	22	1	17	1	23	1	19	1	22	2	22	3	22	4	22	1	23	2
.............................57.26...7.4.5.3.9..6.3..5....2....2..5.7..1.........	2	UNIT	34	1	28	2	30	1	29	3	32	3	29	1	29	1	29	1	25	1	29	1
1...8....42...........97.4....8...7....94.....9.....15.7....8........29..34.7....	2	ALL	37	1	11	2	13	1	12	3	11	2	11	1	9	2	11	2	11	1	14	2
.3.4.2.6..............9.............4.......3..83.97..6.5...3.9............6.8...	2	UNIT	42	2	26	3	23	1	28	3	26	1	26	1	28	1	26	1	25	2	21	1
.4.........1..9..4..7.5...2........3..3...7..4........1...3.5..2..5..8.........2.	2	UNIT	39	3	21	1	20	2	16	2	22	1	23	4	21	1	24	1	26	1	22	1
1...9...8.9.485.1..4.....3..3.....7...8...4......3.......9.6.....................	2	ALL	35	10	25	1	48	2	29	2	24	1	27	1	24	1	24	1	25	2	21	1
..73.......6..........8..2....1.........3.8622.86...5......42..6.................	2	UNIT	57	1	26	1	23	2	22	1	25	2	24	1	20	1	26	2	23	2	24	1
...........9...67.7..........13....8.....4..2..3.....7........1.85....3...2....8.	2	ALL	115	1	25	1	26	2	25	1	27	1	25	3	26	4	26	1	25	1	28	1
3.......6....6......7...9.....5.7....7.6.8.9...14.92.....1.3.....................	2	UNIT	38	11	25	1	30	2	24	1	30	3	32	1	24	1	28	1	25	1	29	2
3.......6....6......7...9.....5.7....7.6.8.9...14.92.....1.3.....................	2	ALL	33	1	27	2	29	3	30	1	26	1	29	3	23	1	27	4	26	1	29	2
.........56.....72....8........6.....15...94.............9.7......8.6.....31.58..	2	UNIT	91	2	27	1	19	1	22	3	23	1	15	1	19	1	24	2	23	1	24	1
.........56.....72....8........6.....15...94.............9.7......8.6.....31.58..	2	ALL	33	1	27	1	25	1	22	2	18	1	24	2	20	1	24	1	19	2	23	3
..6...4.....2.6....5.9.1.8....8.7...............1.9....8.7.2.6....5.3.....1...5..	2	UNIT	40	1	20	1	26	3	19	1	22	1	19	1	19	1	22	2	20	4	18	1
2..1.8..3......4..3..........76..2.16...........4.....9.4..65.....2...........1..	2	UNIT	67	3	25	1	17	1	22	1	19	1	21	1	21	1	22	2	18	1	25	1
...........46.28.....9.1.....6...1....7...3..............8.6...3...4...9...2.9...	2	LOCATION	40	1	25	1	22	1	32	1	21	2	28	1	27	1	23	1	22	1	28	2
.......82.2..4..6...4.18..9...........................3..76.9...6..8..5.28.......	2	UNIT	61	3	22	2	23	1	23	1	23	1	21	1	20	1	30	1	27	2	22	2
6.89.45.3............6.5...............2.9...............1.3............8.24.61.7	2	LOCATION	34	6	26	1	28	2	29	3	28	1	29	2	28	4	27	1	29	1	31	1
7.......69.4.6.3.5..8...4...............................5...8..8.9.2.7.11.......4	2	UNIT	33	1	28	1	25	1	25	2	28	1	26	1	26	1	29	2	29	1	24	4
.4.3.7.6....4.6......1.5......6.3...............2.8......7.1......8.2....7.5.9.8.	2	UNIT	34	4	25	1	24	1	28	2	29	1	28	2	26	2	27	2	29	2	28	1
2...53.....97.......6.........8...25.....67.......9....57...9..9.......6........4	2	UNIT	42	2	21	2	19	1	17	1	23	1	21	2	20	1	16	1	20	1	19	3
4..163..7216...354.........9.......5.........7.......9.........6.......3.........	2	ALL	33	2	30	1	31	1	27	1	27	1	28	1	34	1	31	1	33	1	33	1
.74.1.35...3...7.............7...8.............8...2.............5...9...36.4.51.	2	UNIT	33	1	27	1	28	1	24	3	28	1	29	1	26	1	25	3	24	1	26	2
.39...85..54...92....................2.....8....................87...61..16...27.	2	UNIT	138456	1	32	1	28	1	30	1	30	4	28	1	18791	2	179	2	590	1	4053	2
...3.6............14.....78...523...............974...75.....24............6.7...	2	ALL	41	3	22	2	21	2	22	6	21	2	21	1	22	3	26	1	20	1	23	1
1...25...........7.3..7.......7...56..4..........8..1..83...9.......3....1.....7.	2	UNIT	33	11	20	1	20	2	20	2	20	1	18	3	23	5	22	1	21	2	24	1
74.1....6....79..............946.7.........28.........2....184..58...............	2	UNIT	33	1	22	1	18	1	24	1	24	1	18	1	22	2	22	6	22	1	19	1
....4...........1.83..5.7.........4..5.......2..47..5..2...........1.....4.9..18.	2	UNIT	33	8	26	1	24	1	26	4	23	1	27	2	24	2	26	2	28	1	25	1
..1...4......8...............9...7...2.3.5.9......................8.2...4.76.92.5	2	ALL	36	3	23	2	26	1	28	1	25	1	23	3	22	1	26	1	26	2	22	1
.25...19.....8....1.......6..2...9....3...7....6...4..4.......9....5.....91...82.	2	UNIT	40	1	17	1	21	1	15	1	107	3	18	1	18	1	17	1	16	2	227	2
.........8.1...9..6.7.....4.........7..8.3.....86.9...............4..3.7.....12.9	2	UNIT	42	3	19	3	20	1	19	1	23	1	26	9	22	2	26	1	24	1	18	3
..7.9.5..6.......1.1.....9.2.......6.........1.......5.3.....4...........59...71.	2	ALL	34	1	18	1	24	2	22	1	18	3	18	1	20	1	20	1	20	2	20	1
